source,destination,statusCode,caseSensitive,preserveQueryParams
/api/,https://github.com/zengrid-dev/zengrid,308,false,true
/docs/,/getting-started/,308,false,true
/docs/advanced/,/feature-matrix/,308,false,true
/docs/advanced/accessibility/,/features/interactivity/accessibility/,308,false,true
/docs/advanced/plugin-architecture/,https://github.com/zengrid-dev/zengrid,308,false,true
/docs/advanced/reactive-system/,/features/state-lifecycle/,308,false,true
/docs/api/,https://github.com/zengrid-dev/zengrid,308,false,true
/docs/api/events/,https://github.com/zengrid-dev/zengrid,308,false,true
/docs/api/grid-class/,https://github.com/zengrid-dev/zengrid,308,false,true
/docs/api/grid-options/,https://github.com/zengrid-dev/zengrid,308,false,true
/docs/api/types/,https://github.com/zengrid-dev/zengrid,308,false,true
/docs/editors/,/features/editing/overview/,308,false,true
/docs/editors/checkbox/,/features/editing/provided/checkbox/,308,false,true
/docs/editors/custom/,/features/editing/edit-components/,308,false,true
/docs/editors/date-range/,/features/editing/provided/date/,308,false,true
/docs/editors/date/,/features/editing/provided/date/,308,false,true
/docs/editors/datetime/,/features/editing/provided/date/,308,false,true
/docs/editors/dropdown/,/features/editing/provided/select/,308,false,true
/docs/editors/number/,/features/editing/provided/number/,308,false,true
/docs/editors/overview/,/features/editing/overview/,308,false,true
/docs/editors/select/,/features/editing/provided/select/,308,false,true
/docs/editors/text/,/features/editing/provided/text/,308,false,true
/docs/editors/time/,/features/editing/provided/date/,308,false,true
/docs/examples/,/getting-started/,308,false,true
/docs/examples/basic/,/getting-started/,308,false,true
/docs/examples/editable/,/features/editing/overview/,308,false,true
/docs/examples/filterable/,/features/filters/overview/,308,false,true
/docs/examples/million-rows/,/features/virtual-scrolling/,308,false,true
/docs/examples/sortable/,/features/rows/row-sorting/,308,false,true
/docs/features/,/feature-matrix/,308,false,true
/docs/features/columns/,/features/columns/configuration/,308,false,true
/docs/features/editing/,/features/editing/overview/,308,false,true
/docs/features/export/,/features/import-export/csv-export/,308,false,true
/docs/features/filtering/,/features/filters/overview/,308,false,true
/docs/features/infinite-scroll/,/features/server-side/infinite-row-model/,308,false,true
/docs/features/pagination/,/features/rows/row-pagination/,308,false,true
/docs/features/selection/,/features/selection/overview/,308,false,true
/docs/features/sorting/,/features/rows/row-sorting/,308,false,true
/docs/getting-started/,/getting-started/,308,false,true
/docs/getting-started/installation/,/getting-started/,308,false,true
/docs/getting-started/production-readiness/,/feature-matrix/,308,false,true
/docs/getting-started/quick-start/,/getting-started/,308,false,true
/docs/getting-started/typescript-setup/,/getting-started/,308,false,true
/docs/getting-started/your-first-grid/,/getting-started/,308,false,true
/docs/plugins/,https://github.com/zengrid-dev/zengrid,308,false,true
/docs/plugins/core/,https://github.com/zengrid-dev/zengrid,308,false,true
/docs/plugins/creating-plugins/,https://github.com/zengrid-dev/zengrid,308,false,true
/docs/plugins/editing/,https://github.com/zengrid-dev/zengrid,308,false,true
/docs/plugins/filter/,https://github.com/zengrid-dev/zengrid,308,false,true
/docs/plugins/overview/,https://github.com/zengrid-dev/zengrid,308,false,true
/docs/plugins/selection/,https://github.com/zengrid-dev/zengrid,308,false,true
/docs/plugins/sort/,https://github.com/zengrid-dev/zengrid,308,false,true
/docs/plugins/undo-redo/,https://github.com/zengrid-dev/zengrid,308,false,true
/docs/rendering/,/getting-started/,308,false,true
/docs/rendering/cell-renderers/,/features/cells/cell-components/,308,false,true
/docs/rendering/custom-renderers/,/features/cells/cell-components/,308,false,true
/docs/rendering/header-renderers/,/features/columns/column-headers/,308,false,true
/docs/rendering/theming/,/getting-started/,308,false,true
/docs/user-guide/,/getting-started/,308,false,true
/docs/user-guide/grid-basics/,/getting-started/,308,false,true
/docs/user-guide/loading-data/,/features/rows/row-data/,308,false,true
/docs/user-guide/performance/,/features/virtual-scrolling/,308,false,true
/docs/user-guide/virtual-scrolling/,/features/virtual-scrolling/,308,false,true
/examples/,/getting-started/,308,false,true
/features/,/feature-matrix/,308,false,true
/performance/,/features/virtual-scrolling/,308,false,true
/plugins/,https://github.com/zengrid-dev/zengrid,308,false,true
